# English word frequencies (Zipf x 100) from wordfreq by Robyn Speer,
# https://github.com/rspeer/wordfreq - data licensed CC BY-SA 4.0. Generated by generate.py.
the	773
to	743
and	741
of	740
a	736
in	727
i	709
is	707
for	701
that	701
you	698
it	695
on	691
with	685
this	682
was	682
be	679
as	677
are	674
have	671
at	670
he	669
not	669
by	666
but	663
from	663
my	657
or	654
we	654
an	653
your	653
all	652
so	652
his	651
they	650
me	648
if	647
one	647
can	646
will	645
just	643
like	641
about	640
up	639
out	638
what	638
has	637
when	637
more	636
do	635
no	635
were	634
who	634
had	633
it's	633
their	633
there	631
her	630
which	630
time	629
get	628
been	627
would	627
she	626
new	625
people	625
how	624
don't	620
some	620
also	619
them	619
now	618
other	616
i'm	615
its	614
our	614
than	613
good	612
only	612
after	611
first	611
him	611
into	611
know	610
see	610
two	610
make	608
over	608
think	608
any	607
then	607
could	606
back	604
these	604
us	604
want	604
because	603
go	603
well	603
said	601
way	601
most	600
much	600
very	600
where	600
even	599
should	599
may	598
here	597
need	597
really	597
did	596
right	596
work	596
year	596
years	596
being	595
day	595
too	595
going	594
before	593
off	593
why	593
made	592
still	592
take	592
got	591
many	591
never	591
those	590
life	589
say	589
world	589
down	588
great	588
through	587
you're	587
last	586
that's	586
while	586
best	584
such	584
love	582
man	582
home	581
long	581
look	581
something	581
use	581
can't	580
same	580
used	580
both	579
every	579
am	578
come	578
part	578
state	578
three	578
around	577
between	577
always	576
better	576
find	576
help	575
high	575
little	575
old	575
since	575
another	574
does	574
own	574
things	574
under	573
during	572
game	572
i've	572
thing	572
give	571
house	571
place	571
school	571
again	570
next	570
each	569
without	569
against	568
didn't	568
end	568
found	568
must	568
show	568
big	567
feel	567
sure	567
team	567
ever	566
family	566
keep	566
might	566
please	566
put	566
money	564
free	563
second	563
someone	563
away	562
left	562
number	562
city	561
days	561
lot	561
name	561
night	561
play	561
until	561
company	560
doing	560
few	560
he's	560
let	560
real	560
called	559
different	559
having	559
set	559
thought	559
done	558
however	558
getting	557
God	557
government	557
group	557
looking	557
public	557
top	557
women	557
business	556
care	556
start	556
system	556
times	556
week	556
already	555
anything	555
case	555
nothing	555
person	555
today	555
change	554
enough	554
everything	554
full	554
live	554
making	554
point	554
read	554
there's	554
told	554
yet	554
bad	553
doesn't	553
four	553
hard	553
mean	553
once	553
support	553
tell	553
including	552
music	552
power	552
seen	552
states	552
stop	552
water	552
based	551
believe	551
call	551
head	551
men	551
national	551
small	551
took	551
white	551
came	550
far	550
job	550
side	550
though	550
try	550
went	550
yes	550
actually	549
American	549
later	549
less	549
line	549
order	549
party	549
run	549
says	549
service	549
country	548
open	548
season	548
thank	548
children	547
everyone	547
general	547
they're	547
trying	547
united	547
using	547
area	546
black	546
following	546
law	546
makes	546
together	546
war	546
whole	546
car	545
face	545
five	545
kind	545
maybe	545
per	545
president	545
story	545
working	545
course	544
games	544
health	544
hope	544
important	544
least	544
means	544
news	544
within	544
able	543
book	543
early	543
friends	543
i'll	543
information	543
local	543
oh	543
post	543
thanks	543
video	543
young	543
ago	542
others	542
social	542
talk	542
court	541
fact	541
given	541
guys	541
half	541
hand	541
isn't	541
level	541
mind	541
often	541
single	541
become	540
body	540
coming	540
control	540
death	540
food	540
guy	540
hours	540
office	540
pay	540
problem	540
south	540
true	540
we're	540
almost	539
history	539
known	539
large	539
lost	539
research	539
room	539
several	539
started	539
taking	539
university	539
win	539
wrong	539
along	538
anyone	538
else	538
girl	538
matter	538
pretty	538
remember	538
air	537
bit	537
friend	537
hit	537
needs	537
nice	537
playing	537
probably	537
saying	537
understand	537
yeah	537
York	537
class	536
close	536
comes	536
i'd	536
idea	536
international	536
looks	536
past	536
possible	536
wanted	536
cause	535
due	535
happy	535
human	535
members	535
months	535
move	535
question	535
series	535
wait	535
woman	535
ask	534
community	534
data	534
late	534
leave	534
north	534
saw	534
special	534
watch	534
won't	534
either	533
future	533
light	533
low	533
million	533
morning	533
police	533
short	533
stay	533
taken	533
age	532
buy	532
deal	532
rather	532
reason	532
red	532
report	532
soon	532
third	532
turn	532
whether	532
among	531
check	531
development	531
form	531
further	531
heart	531
minutes	531
myself	531
services	531
yourself	531
act	530
although	530
asked	530
child	530
fire	530
fun	530
living	530
major	530
media	530
phone	530
players	530
art	529
behind	529
building	529
easy	529
gonna	529
market	529
near	529
plan	529
political	529
quite	529
six	529
talking	529
west	529
works	529
according	528
available	528
education	528
final	528
former	528
front	528
kids	528
list	528
ready	528
sometimes	528
son	528
street	528
wasn't	528
bring	527
college	527
current	527
example	527
experience	527
heard	527
London	527
meet	527
program	527
type	527
baby	526
chance	526
father	526
march	526
process	526
she's	526
song	526
study	526
word	526
across	525
action	525
clear	525
gave	525
gets	525
himself	525
month	525
outside	525
self	525
students	525
words	525
board	524
cost	524
cut	524
field	524
held	524
instead	524
main	524
moment	524
mother	524
road	524
seems	524
thinking	524
town	524
wants	524
department	523
energy	523
fight	523
fine	523
force	523
hear	523
issue	523
played	523
points	523
price	523
rest	523
results	523
running	523
shows	523
space	523
summer	523
term	523
wife	523
America	522
beautiful	522
date	522
goes	522
killed	522
land	522
miss	522
project	522
sex	522
shot	522
site	522
strong	522
you'll	522
account	521
especially	521
eyes	521
include	521
June	521
parents	521
period	521
position	521
record	521
similar	521
total	521
above	520
club	520
common	520
died	520
film	520
happened	520
knew	520
lead	520
likely	520
military	520
perfect	520
personal	520
security	520
share	520
TV	520
what's	520
won	520
April	519
center	519
county	519
couple	519
dead	519
English	519
happen	519
hold	519
industry	519
inside	519
issues	519
online	519
player	519
private	519
problems	519
return	519
rights	519
sense	519
star	519
test	519
view	519
weeks	519
break	518
British	518
companies	518
event	518
higher	518
hour	518
member	518
middle	518
needed	518
present	518
result	518
sorry	518
takes	518
training	518
wish	518
wouldn't	518
answer	517
boy	517
design	517
finally	517
girls	517
gold	517
gone	517
guess	517
interest	517
July	517
king	517
learn	517
policy	517
society	517
added	516
alone	516
average	516
bank	516
brought	516
certain	516
church	516
east	516
hands	516
hot	516
let's	516
longer	516
medical	516
movie	516
original	516
park	516
performance	516
press	516
received	516
role	516
sent	516
themselves	516
tried	516
worked	516
worth	516
areas	515
became	515
bill	515
books	515
cool	515
director	515
exactly	515
giving	515
ground	515
meeting	515
provide	515
questions	515
relationship	515
September	515
sound	515
source	515
usually	515
value	515
evidence	514
follow	514
lives	514
official	514
ok	514
production	514
rate	514
reading	514
round	514
save	514
stand	514
stuff	514
tax	514
whatever	514
amount	513
blue	513
countries	513
drive	513
eat	513
fall	513
fast	513
federal	513
feeling	513
felt	513
green	513
league	513
management	513
match	513
model	513
picture	513
size	513
step	513
trust	513
you've	513
central	512
changes	512
England	512
forward	512
groups	512
hey	512
key	512
mom	512
page	512
paid	512
range	512
review	512
science	512
trade	512
upon	512
various	512
attention	511
brother	511
cannot	511
character	511
chief	511
cup	511
football	511
hate	511
haven't	511
led	511
looked	511
lower	511
natural	511
October	511
property	511
quality	511
send	511
style	511
vote	511
amazing	510
August	510
blood	510
China	510
complete	510
dog	510
economic	510
hell	510
involved	510
itself	510
language	510
lord	510
November	510
oil	510
related	510
serious	510
stage	510
terms	510
title	510
add	509
article	509
attack	509
born	509
couldn't	509
damn	509
decided	509
decision	509
enjoy	509
entire	509
French	509
January	509
kill	509
met	509
perhaps	509
poor	509
release	509
situation	509
technology	509
turned	509
website	509
written	509
choice	508
code	508
considered	508
continue	508
council	508
cover	508
currently	508
door	508
election	508
European	508
events	508
financial	508
foreign	508
hair	508
increase	508
legal	508
lose	508
pick	508
race	508
seem	508
seven	508
sign	508
simple	508
simply	508
staff	508
super	508
union	508
walk	508
bed	507
began	507
built	507
career	507
changed	507
crazy	507
daily	507
daughter	507
December	507
die	507
difficult	507
figure	507
hospital	507
knows	507
loss	507
modern	507
ones	507
paper	507
parts	507
popular	507
published	507
safe	507
starting	507
systems	507
version	507
voice	507
whose	507
writing	507
army	506
Australia	506
earth	506
forget	506
goal	506
huge	506
internet	506
listen	506
okay	506
practice	506
rules	506
sea	506
sir	506
success	506
towards	506
waiting	506
ways	506
access	505
aren't	505
base	505
below	505
created	505
deep	505
followed	505
lol	505
mark	505
missing	505
offer	505
pass	505
professional	505
released	505
risk	505
schools	505
sleep	505
table	505
ten	505
truth	505
ball	504
box	504
build	504
card	504
cases	504
dark	504
district	504
Europe	504
India	504
mine	504
minister	504
note	504
percent	504
piece	504
products	504
recent	504
seeing	504
straight	504
visit	504
wall	504
wanna	504
we've	504
wrote	504
allowed	503
boys	503
culture	503
fans	503
February	503
gives	503
growth	503
included	503
married	503
officer	503
pain	503
places	503
respect	503
response	503
river	503
rock	503
shall	503
speak	503
specific	503
standard	503
tonight	503
write	503
album	502
century	502
charge	502
cold	502
create	502
effect	502
eight	502
except	502
eye	502
funny	502
limited	502
moving	502
network	502
peace	502
provided	502
recently	502
required	502
sales	502
spent	502
store	502
student	502
tomorrow	502
track	502
via	502
watching	502
weight	502
addition	501
ahead	501
allow	501
association	501
beat	501
brown	501
capital	501
Chinese	501
committee	501
conference	501
difference	501
double	501
expect	501
gas	501
island	501
moved	501
normal	501
plans	501
population	501
potential	501
pressure	501
radio	501
Russian	501
station	501
text	501
treatment	501
western	501
beginning	500
California	500
campaign	500
certainly	500
completely	500
content	500
credit	500
cross	500
described	500
despite	500
female	500
focus	500
hi	500
husband	500
ice	500
individual	500
interesting	500
join	500
kept	500
leading	500
loved	500
message	500
miles	500
nearly	500
particular	500
previous	500
quickly	500
region	500
reported	500
section	500
sort	500
speed	500
travel	500
consider	499
contact	499
drop	499
fair	499
feet	499
Jesus	499
kid	499
link	499
positive	499
sale	499
throughout	499
tour	499
welcome	499
absolutely	498
additional	498
beyond	498
conditions	498
earlier	498
extra	498
forces	498
immediately	498
jobs	498
leaving	498
minute	498
nature	498
numbers	498
quick	498
sell	498
significant	498
studies	498
unless	498
winning	498
agree	497
Canada	497
clean	497
computer	497
construction	497
episode	497
favorite	497
income	497
justice	497
levels	497
manager	497
movement	497
photo	497
posted	497
safety	497
scene	497
sold	497
sounds	497
spend	497
statement	497
sun	497
teams	497
ability	496
announced	496
asking	496
calling	496
coach	496
collection	496
continued	496
costs	496
definitely	496
designed	496
expected	496
Friday	496
gun	496
happens	496
heavy	496
includes	496
knowledge	496
particularly	496
search	496
subject	496
train	496
wide	496
wow	496
author	495
centre	495
claim	495
dad	495
developed	495
fear	495
fit	495
generally	495
German	495
global	495
goals	495
gotta	495
hotel	495
interested	495
judge	495
lady	495
leader	495
letter	495
lines	495
material	495
named	495
nobody	495
opportunity	495
plus	495
product	495
regular	495
secretary	495
sister	495
stories	495
unit	495
workers	495
annual	494
anymore	494
bar	494
battle	494
brain	494
contract	494
degree	494
families	494
features	494
finished	494
floor	494
France	494
growing	494
hurt	494
image	494
insurance	494
majority	494
meant	494
opening	494
opinion	494
physical	494
pro	494
reach	494
rule	494
seriously	494
sports	494
stupid	494
successful	494
active	493
administration	493
approach	493
Australian	493
biggest	493
cancer	493
civil	493
dance	493
defense	493
direction	493
independent	493
master	493
none	493
reasons	493
Russia	493
ship	493
stock	493
weekend	493
wonder	493
worst	493
Africa	492
awesome	492
band	492
beach	492
cash	492
clearly	492
commercial	492
compared	492
effort	492
ended	492
fan	492
fighting	492
imagine	492
impact	492
lack	492
latest	492
learning	492
multiple	492
older	492
operation	492
organization	492
passed	492
pictures	492
protect	492
secret	492
senior	492
spring	492
Sunday	492
telling	492
wear	492
activities	491
address	491
analysis	491
anyway	491
bought	491
calls	491
choose	491
Christmas	491
color	491
commission	491
competition	491
details	491
direct	491
dream	491
easily	491
finish	491
grand	491
here's	491
increased	491
Indian	491
literally	491
luck	491
marriage	491
names	491
necessary	491
patients	491
resources	491
rich	491
skin	491
speaking	491
supposed	491
sweet	491
thus	491
touch	491
yesterday	491
caught	490
closed	490
congress	490
damage	490
directly	490
disease	490
doctor	490
doubt	490
drink	490
driving	490
established	490
Facebook	490
feels	490
fish	490
gay	490
Germany	490
glad	490
greater	490
grow	490
largest	490
machine	490
notice	490
overall	490
planning	490
professor	490
programs	490
records	490
reports	490
shown	490
sit	490
trip	490
associated	489
basic	489
captain	489
carry	489
cars	489
crime	489
effective	489
effects	489
explain	489
fully	489
highly	489
holding	489
Japan	489
laws	489
male	489
parties	489
plant	489
reality	489
spot	489
Texas	489
we'll	489
winter	489
worse	489
advice	488
agreement	488
ain't	488
award	488
block	488
broken	488
caused	488
challenge	488
characters	488
Christian	488
comment	488
equipment	488
eventually	488
helped	488
holy	488
killing	488
lived	488
lots	488
nation	488
otherwise	488
prices	488
primary	488
purpose	488
rates	488
responsible	488
shop	488
showing	488
sick	488
teacher	488
theory	488
uses	488
agency	487
avoid	487
camera	487
catch	487
cell	487
coast	487
comments	487
drug	487
economy	487
environment	487
executive	487
foot	487
hall	487
mass	487
meaning	487
mission	487
nine	487
officers	487
operations	487
politics	487
pop	487
produced	487
ran	487
Saturday	487
status	487
therefore	487
trial	487
truly	487
weather	487
activity	486
app	486
application	486
claims	486
coffee	486
complex	486
condition	486
division	486
evening	486
flight	486
freedom	486
Google	486
heat	486
highest	486
interview	486
library	486
located	486
location	486
murder	486
offered	486
putting	486
queen	486
seconds	486
showed	486
sitting	486
standing	486
stars	486
walking	486
accept	485
actual	485
appear	485
attempt	485
broke	485
channel	485
distance	485
eating	485
exchange	485
fat	485
fell	485
finding	485
glass	485
learned	485
losing	485
mobile	485
northern	485
opened	485
placed	485
powerful	485
prior	485
protection	485
reached	485
receive	485
religious	485
ride	485
royal	485
screen	485
serve	485
signed	485
slow	485
species	485
speech	485
traffic	485
tree	485
types	485
wearing	485
who's	485
whom	485
wonderful	485
agreed	484
airport	484
animals	484
appears	484
begin	484
benefits	484
bottom	484
cities	484
demand	484
engine	484
everybody	484
famous	484
ideas	484
investment	484
keeping	484
lie	484
notes	484
partner	484
plays	484
raised	484
runs	484
sad	484
solution	484
songs	484
sources	484
southern	484
square	484
stopped	484
structure	484
traditional	484
twice	484
wind	484
worry	484
Americans	483
appeared	483
becomes	483
brand	483
bus	483
cent	483
count	483
covered	483
critical	483
digital	483
forced	483
fourth	483
fresh	483
lake	483
mental	483
mentioned	483
missed	483
mostly	483
mouth	483
owner	483
photos	483
previously	483
realize	483
remain	483
scale	483
score	483
separate	483
smart	483
starts	483
surface	483
throw	483
totally	483
Twitter	483
views	483
wedding	483
you'd	483
acting	482
actions	482
African	482
arms	482
benefit	482
budget	482
click	482
estate	482
failed	482
faith	482
fashion	482
feature	482
fund	482
generation	482
hearing	482
hill	482
jack	482
larger	482
metal	482
mid	482
Paris	482
profile	482
pull	482
push	482
returned	482
rose	482
seat	482
seemed	482
sexual	482
shouldn't	482
target	482
understanding	482
village	482
agent	481
animal	481
apply	481
authority	481
basis	481
becoming	481
draw	481
dude	481
employees	481
enter	481
ex	481
follows	481
foundation	481
gain	481
individuals	481
Japanese	481
leaders	481
memory	481
prime	481
projects	481
ring	481
rise	481
selling	481
served	481
silver	481
soul	481
spread	481
supply	481
waste	481
weird	481
adult	480
apparently	480
artist	480
chairman	480
edition	480
engineering	480
grade	480
happening	480
healthy	480
institute	480
method	480
Monday	480
nations	480
obviously	480
option	480
prison	480
provides	480
remains	480
senate	480
smaller	480
somebody	480
stone	480
strength	480
users	480
wild	480
window	480
winner	480
arrived	479
bag	479
bet	479
camp	479
cast	479
Christ	479
continues	479
correct	479
dangerous	479
extremely	479
firm	479
greatest	479
handle	479
improve	479
indeed	479
leaves	479
movies	479
negative	479
prevent	479
removed	479
spirit	479
television	479
till	479
trouble	479
videos	479
advantage	478
apart	478
aware	478
cat	478
customers	478
decide	478
dinner	478
dollars	478
eastern	478
fifth	478
function	478
gift	478
helping	478
herself	478
impossible	478
influence	478
items	478
marketing	478
materials	478
nor	478
produce	478
progress	478
proud	478
require	478
shooting	478
shut	478
standards	478
tells	478
thinks	478
van	478
wood	478
background	477
birth	477
bridge	477
carried	477
classes	477
completed	477
concept	477
copy	477
dear	477
dogs	477
drugs	477
efforts	477
garden	477
host	477
housing	477
journal	477
labor	477
leadership	477
length	477
lucky	477
neither	477
onto	477
patient	477
possibly	477
prove	477
rare	477
setting	477
skills	477
software	477
thousands	477
tough	477
units	477
alive	476
apple	476
balance	476
birthday	476
boss	476
cards	476
changing	476
connection	476
dress	476
easier	476
fellow	476
Florida	476
horse	476
knowing	476
liked	476
magic	476
managed	476
map	476
net	476
owned	476
request	476
stick	476
they've	476
turns	476
vehicle	476
volume	476
wake	476
aid	475
beauty	475
believed	475
billion	475
busy	475
buying	475
cells	475
concerned	475
conversation	475
corner	475
criminal	475
cultural	475
develop	475
driver	475
ends	475
existing	475
farm	475
file	475
fix	475
fly	475
frank	475
guide	475
images	475
investigation	475
Mexico	475
operating	475
paying	475
presented	475
raise	475
responsibility	475
roll	475
slightly	475
suggest	475
surprise	475
technical	475
thoughts	475
treat	475
unique	475
variety	475
violence	475
weapons	475
yours	475
youth	475
appreciate	474
bigger	474
breaking	474
discovered	474
dry	474
edge	474
evil	474
excited	474
forever	474
funds	474
helps	474
injury	474
iron	474
lovely	474
mad	474
magazine	474
models	474
offers	474
ordered	474
parliament	474
prepared	474
reference	474
religion	474
sites	474
somewhere	474
stated	474
strategy	474
teachers	474
web	474
wine	474
accounts	473
arm	473
audience	473
bay	473
blog	473
closer	473
core	473
democratic	473
description	473
dropped	473
excellent	473
exist	473
figures	473
forms	473
guard	473
honest	473
issued	473
joined	473
lies	473
likes	473
medicine	473
mention	473
mountain	473
nuclear	473
orders	473
port	473
presence	473
reaction	473
reduce	473
shoot	473
sides	473
solid	473
Spanish	473
sport	473
steps	473
stress	473
taste	473
tea	473
victory	473
afternoon	472
assistant	472
Britain	472
citizens	472
classic	472
clothes	472
decisions	472
electric	472
emergency	472
entered	472
entirely	472
facts	472
failure	472
festival	472
flat	472
fuel	472
hello	472
houses	472
ill	472
initial	472
introduced	472
kick	472
links	472
mail	472
massive	472
matters	472
pair	472
picked	472
pieces	472
plane	472
plenty	472
prince	472
proper	472
providing	472
quarter	472
regional	472
session	472
shape	472
sky	472
teaching	472
toward	472
transfer	472
upper	472
useful	472
valley	472
watched	472
willing	472
windows	472
zone	472
accident	471
advanced	471
alternative	471
anywhere	471
articles	471
awards	471
bear	471
boat	471
bringing	471
capacity	471
cheap	471
climate	471
communities	471
discussion	471
drinking	471
duty	471
fantastic	471
feelings	471
flying	471
governor	471
hasn't	471
hundred	471
industrial	471
joint	471
mix	471
museum	471
options	471
path	471
plants	471
policies	471
promise	471
proposed	471
purchase	471
rain	471
remove	471
signs	471
spending	471
steel	471
supporting	471
terrible	471
they'll	471
tired	471
treated	471
turning	471
vice	471
warm	471
afraid	470
arts	470
beer	470
border	470
Canadian	470
command	470
crew	470
crowd	470
dating	470
elements	470
enemy	470
ensure	470
environmental	470
filled	470
fixed	470
forest	470
intelligence	470
intended	470
labour	470
limit	470
moon	470
ocean	470
powers	470
profit	470
proof	470
republican	470
soldiers	470
suit	470
wins	470
appearance	469
Asian	469
attorney	469
banks	469
behavior	469
bodies	469
brothers	469
buildings	469
chair	469
creating	469
debt	469
domestic	469
expensive	469
grew	469
historical	469
homes	469
honestly	469
honor	469
jump	469
launch	469
listed	469
minimum	469
native	469
noted	469
originally	469
planned	469
sets	469
suddenly	469
supreme	469
survey	469
tech	469
trees	469
update	469
user	469
writer	469
yellow	469
younger	469
ancient	468
attacks	468
charges	468
combined	468
communication	468
connected	468
contains	468
download	468
email	468
ending	468
exercise	468
express	468
flow	468
formed	468
girlfriend	468
hero	468
illegal	468
increasing	468
joke	468
loan	468
methods	468
officials	468
performed	468
planet	468
relationships	468
restaurant	468
Scotland	468
selected	468
shared	468
shopping	468
soft	468
stuck	468
sugar	468
suggested	468
supported	468
surprised	468
taught	468
transport	468
weren't	468
accepted	467
adding	467
affairs	467
allows	467
appeal	467
applied	467
appropriate	467
artists	467
confirmed	467
device	467
drama	467
entry	467
era	467
factor	467
feed	467
golden	467
grant	467
grown	467
heads	467
hoping	467
keeps	467
lawyer	467
legs	467
lying	467
measures	467
mistake	467
Muslim	467
organizations	467
platform	467
pool	467
pulled	467
regarding	467
relations	467
requires	467
route	467
saved	467
schedule	467
scientific	467
shoes	467
smoke	467
squad	467
teach	467
testing	467
tests	467
values	467
walked	467
ya	467
abuse	466
angry	466
businesses	466
candidate	466
comfortable	466
concern	466
developing	466
discuss	466
elections	466
emotional	466
everywhere	466
facilities	466
falling	466
fox	466
guns	466
hole	466
holiday	466
interests	466
internal	466
Ireland	466
Italian	466
Italy	466
laugh	466
leg	466
letters	466
liberal	466
listening	466
loves	466
lunch	466
milk	466
pack	466
payment	466
perform	466
recorded	466
relatively	466
sector	466
sharing	466
snow	466
storm	466
streets	466
strike	466
studio	466
sub	466
weak	466
YouTube	466
actor	465
advance	465
apartment	465
Asia	465
chain	465
chapter	465
committed	465
confidence	465
cook	465
cute	465
equal	465
fake	465
finance	465
focused	465
hits	465
identity	465
journey	465
kitchen	465
leads	465
maintain	465
measure	465
numerous	465
owners	465
posts	465
properties	465
quiet	465
revealed	465
specifically	465
split	465
task	465
taxes	465
twenty	465
urban	465
acts	464
affected	464
aircraft	464
applications	464
approved	464
approximately	464
argument	464
arrested	464
claimed	464
conflict	464
considering	464
corporate	464
debate	464
determined	464
distribution	464
documents	464
escape	464
extended	464
factors	464
faster	464
fault	464
fill	464
films	464
flowers	464
friendly	464
ladies	464
lay	464
lights	464
millions	464
mixed	464
phase	464
properly	464
pure	464
reduced	464
requirements	464
residents	464
revenue	464
sat	464
secure	464
smile	464
strange	464
talent	464
temperature	464
thousand	464
troops	464
truck	464
votes	464
ah	463
authorities	463
basically	463
besides	463
bird	463
blame	463
bowl	463
causes	463
chicken	463
collected	463
context	463
coverage	463
determine	463
display	463
dying	463
elected	463
examples	463
experienced	463
falls	463
false	463
fired	463
forgot	463
funding	463
identified	463
incredible	463
inspired	463
launched	463
meat	463
ministry	463
mode	463
neck	463
noticed	463
novel	463
obvious	463
passing	463
positions	463
remaining	463
scored	463
shirt	463
shots	463
slowly	463
stadium	463
stores	463
surgery	463
trading	463
Tuesday	463
vision	463
whenever	463
worried	463
zero	463
allowing	462
begins	462
champion	462
charged	462
cream	462
crisis	462
delivered	462
editor	462
estimated	462
giant	462
jail	462
kingdom	462
literature	462
mayor	462
minor	462
moments	462
opposite	462
orange	462
ourselves	462
pages	462
remained	462
selection	462
serving	462
signal	462
stream	462
struggle	462
suicide	462
talked	462
theme	462
Thursday	462
tiny	462
typically	462
unfortunately	462
usual	462
vehicles	462
voted	462
voting	462
walls	462
wave	462
alcohol	461
assembly	461
breakfast	461
bright	461
brings	461
capable	461
carrying	461
chosen	461
combination	461
conservative	461
customer	461
cutting	461
desire	461
destroyed	461
draft	461
drunk	461
essential	461
fail	461
familiar	461
finds	461
granted	461
guilty	461
humans	461
hundreds	461
improved	461
Jewish	461
largely	461
laughing	461
markets	461
medium	461
opportunities	461
papers	461
perfectly	461
recommend	461
referred	461
relevant	461
seek	461
sending	461
solo	461
spoke	461
stands	461
talks	461
ticket	461
unable	461
upset	461
wing	461
answers	460
birds	460
bomb	460
creative	460
cycle	460
dealing	460
directed	460
educational	460
entertainment	460
extreme	460
facility	460
fields	460
goods	460
hang	460
holds	460
info	460
mainly	460
maximum	460
newspaper	460
offering	460
painting	460
republic	460
reserve	460
returns	460
row	460
salt	460
scared	460
Scottish	460
shares	460
statistics	460
switch	460
territory	460
threat	460
tickets	460
adults	459
affect	459
appointed	459
armed	459
aside	459
assistance	459
bell	459
blow	459
bond	459
boyfriend	459
careful	459
circumstances	459
communications	459
concerns	459
controlled	459
corporation	459
cry	459
danger	459
deals	459
delivery	459
deserve	459
devices	459
dollar	459
dreams	459
empty	459
enjoyed	459
explained	459
faces	459
folks	459
gender	459
instance	459
kinda	459
matches	459
mile	459
motion	459
moves	459
pacific	459
prize	459
realized	459
reasonable	459
receiving	459
register	459
resolution	459
rural	459
saving	459
sees	459
singing	459
Spain	459
tools	459
typical	459
universe	459
warning	459
wars	459
Wednesday	459
admit	458
attitude	458
branch	458
conducted	458
decades	458
dedicated	458
definition	458
drawing	458
favor	458
flag	458
frame	458
guest	458
ha	458
heaven	458
independence	458
institutions	458
it'll	458
kiss	458
load	458
plot	458
possibility	458
random	458
recovery	458
rent	458
replace	458
represent	458
reviews	458
scenes	458
seeking	458
senator	458
sentence	458
teeth	458
tips	458
trained	458
understood	458
academic	457
academy	457
accurate	457
achieve	457
afford	457
assume	457
bottle	457
bunch	457
category	457
chat	457
cheese	457
chemical	457
competitive	457
detail	457
diet	457
favourite	457
fruit	457
harder	457
he'd	457
index	457
item	457
lane	457
mess	457
navy	457
normally	457
occurred	457
opposition	457
parent	457
permanent	457
personally	457
pleasure	457
prefer	457
programme	457
representative	457
scheme	457
shift	457
stood	457
storage	457
tank	457
tend	457
tight	457
transportation	457
ultimately	457
unlike	457
weekly	457
yard	457
anybody	456
assets	456
basketball	456
button	456
candidates	456
combat	456
constitution	456
consumer	456
counter	456
creation	456
crown	456
crying	456
defined	456
depending	456
depression	456
describe	456
drivers	456
employment	456
exclusive	456
excuse	456
expert	456
frequently	456
golf	456
grace	456
hopefully	456
identify	456
importance	456
laid	456
latter	456
manufacturing	456
mining	456
object	456
partners	456
pattern	456
performing	456
personnel	456
perspective	456
pregnant	456
premier	456
promote	456
revolution	456
rooms	456
severe	456
sleeping	456
suppose	456
tool	456
tournament	456
turkey	456
victim	456
victims	456
agents	455
Amazon	455
arrest	455
attend	455
ban	455
brilliant	455
carbon	455
Catholic	455
chose	455
circle	455
concert	455
crash	455
declared	455
deliver	455
depth	455
deputy	455
dirty	455
doctors	455
earned	455
electronic	455
error	455
existence	455
experiences	455
expression	455
factory	455
headed	455
interior	455
joy	455
legislation	455
maintenance	455
manner	455
mate	455
nearby	455
noise	455
origin	455
panel	455
personality	455
plate	455
practices	455
prepare	455
relief	455
replaced	455
resistance	455
retail	455
rice	455
roads	455
roof	455
shame	455
ships	455
somewhat	455
staying	455
stronger	455
surely	455
tip	455
updated	455
writers	455
absolute	454
advertising	454
agencies	454
baseball	454
bathroom	454
Bible	454
cable	454
calm	454
championship	454
checked	454
client	454
constant	454
dates	454
degrees	454
democrats	454
doors	454
driven	454
dumb	454
empire	454
exciting	454
expansion	454
he'll	454
heavily	454
hide	454
incident	454
Irish	454
linked	454
manage	454
messages	454
politicians	454
print	454
quit	454
refused	454
reporting	454
sight	454
significantly	454
sing	454
soviet	454
weapon	454
wet	454
widely	454
worldwide	454
ages	453
anniversary	453
attractive	453
bike	453
broad	453
burn	453
cake	453
causing	453
closely	453
constantly	453
contest	453
deaths	453
depends	453
drawn	453
fees	453
haha	453
hardly	453
hat	453
height	453
hidden	453
invited	453
letting	453
loud	453
marine	453
motor	453
officially	453
PC	453
peak	453
portion	453
pounds	453
princess	453
protein	453
puts	453
raw	453
reform	453
regions	453
represented	453
respond	453
retirement	453
sample	453
seats	453
secondary	453
solar	453
somehow	453
stayed	453
suffering	453
tries	453
ultimate	453
unknown	453
wondering	453
attached	452
attacked	452
automatically	452
balls	452
battery	452
bills	452
blind	452
breath	452
brief	452
chest	452
conduct	452
debut	452
decade	452
destroy	452
differences	452
engaged	452
experts	452
expressed	452
external	452
fantasy	452
grab	452
immediate	452
introduction	452
license	452
paint	452
pilot	452
pink	452
presidential	452
principal	452
recognize	452
recognized	452
registered	452
regularly	452
representatives	452
rising	452
seasons	452
shipping	452
singer	452
smoking	452
steam	452
suffered	452
survive	452
tall	452
theatre	452
therapy	452
witness	452
adopted	451
aim	451
campus	451
cap	451
chances	451
childhood	451
clinical	451
clubs	451
comedy	451
commander	451
comparison	451
covers	451
defeat	451
defence	451
democracy	451
detailed	451
entitled	451
exact	451
exposed	451
fed	451
fee	451
injured	451
kinds	451
lets	451
loans	451
lock	451
musical	451
nose	451
objects	451
opposed	451
organized	451
plastic	451
protected	451
purposes	451
quote	451
recording	451
semi	451
statements	451
suspect	451
swear	451
techniques	451
tie	451
trend	451
valuable	451
wealth	451
wise	451
yards	451
aged	450
approval	450
aspects	450
attempts	450
bread	450
burning	450
champions	450
contain	450
convention	450
dancing	450
document	450
eggs	450
employee	450
engineer	450
equivalent	450
facing	450
fairly	450
fingers	450
ford	450
founded	450
functions	450
gang	450
graduate	450
hanging	450
inner	450
islands	450
lift	450
marked	450
memories	450
monthly	450
mountains	450
neighborhood	450
operate	450
outstanding	450
permission	450
racing	450
recommended	450
regulations	450
reply	450
republicans	450
rid	450
roman	450
scientists	450
shoulder	450
shower	450
solutions	450
sons	450
stations	450
tower	450
tradition	450
visited	450
visual	450
wheel	450
achieved	449
admitted	449
appointment	449
authors	449
barely	449
bush	449
cabinet	449
celebrate	449
challenges	449
chocolate	449
coal	449
colour	449
contemporary	449
criticism	449
effectively	449
extensive	449
faced	449
filed	449
formation	449
fought	449
gained	449
gallery	449
highway	449
historic	449
hunt	449
improvement	449
inch	449
initially	449
junior	449
jury	449
marks	449
monster	449
obtained	449
olympic	449
philosophy	449
pride	449
promised	449
repeat	449
returning	449
riding	449
rough	449
santa	449
settlement	449
smell	449
sought	449
speaker	449
studied	449
suggests	449
surrounding	449
tone	449
topic	449
universal	449
vast	449
visitors	449
wanting	449
auto	448
consistent	448
continuing	448
earn	448
exists	448
finger	448
grey	448
guitar	448
heading	448
ignore	448
involving	448
latin	448
meal	448
meanwhile	448
meetings	448
naturally	448
necessarily	448
offices	448
pants	448
partnership	448
payments	448
percentage	448
pocket	448
practical	448
primarily	448
proved	448
regardless	448
relative	448
represents	448
rescue	448
resulting	448
rush	448
sessions	448
sharp	448
soccer	448
stable	448
structures	448
supplies	448
symptoms	448
temporary	448
tested	448
trick	448
attended	447
audio	447
bone	447
chamber	447
chart	447
circuit	447
clothing	447
complicated	447
confused	447
consequences	447
defend	447
divided	447
everyday	447
extent	447
fishing	447
format	447
gap	447
gate	447
gotten	447
harm	447
healthcare	447
household	447
immigration	447
impressive	447
Jews	447
joining	447
killer	447
lesson	447
limits	447
loving	447
managers	447
membership	447
mirror	447
mount	447
nights	447
occur	447
parking	447
proposal	447
province	447
purchased	447
recognition	447
reputation	447
rolling	447
shortly	447
situations	447
strongly	447
tears	447
technique	447
thin	447
tied	447
accused	446
adventure	446
argue	446
assessment	446
atmosphere	446
awful	446
bedroom	446
belief	446
bound	446
breaks	446
carefully	446
cats	446
choices	446
closing	446
cloud	446
colorado	446
colors	446
contrast	446
courses	446
courts	446
drew	446
egg	446
element	446
elsewhere	446
establish	446
extension	446
files	446
founder	446
gear	446
hills	446
hip	446
hitting	446
increases	446
infrastructure	446
locations	446
loose	446
machines	446
moral	446
offensive	446
package	446
pointed	446
poverty	446
processes	446
processing	446
qualified	446
railway	446
reaching	446
ridiculous	446
sensitive	446
server	446
shock	446
silence	446
soldier	446
superior	446
supporters	446
thick	446
threw	446
tons	446
transition	446
violent	446
voters	446
wash	446
acid	445
actress	445
administrative	445
alan	445
alongside	445
angel	445
anxiety	445
babies	445
bars	445
bonus	445
castle	445
charity	445
clients	445
compare	445
contained	445
cooking	445
covering	445
curious	445
directors	445
discovery	445
discussed	445
duke	445
encourage	445
enforcement	445
featuring	445
finals	445
flash	445
formal	445
formula	445
fort	445
governments	445
gray	445
gross	445
horses	445
hungry	445
informed	445
innocent	445
losses	445
mac	445
math	445
minds	445
mistakes	445
mystery	445
networks	445
olympics	445
palace	445
passes	445
penalty	445
pet	445
phones	445
photography	445
producing	445
protest	445
publication	445
rating	445
refer	445
respectively	445
scheduled	445
select	445
silent	445
spoken	445
successfully	445
suffer	445
temple	445
tracks	445
trail	445
uncle	445
unusual	445
waters	445
woods	445
yo	445
arrival	444
asks	444
assault	444
awareness	444
badly	444
bath	444
captured	444
chase	444
components	444
concrete	444
deeply	444
expectations	444
explanation	444
exposure	444
featured	444
fiction	444
guarantee	444
happiness	444
hearts	444
horrible	444
ideal	444
injuries	444
Islamic	444
legend	444
lieutenant	444
mini	444
mood	444
muscle	444
Muslims	444
passion	444
picking	444
pleased	444
procedure	444
producer	444
pushing	444
rank	444
replacement	444
retired	444
roles	444
sand	444
savings	444
settled	444
shadow	444
singles	444
tag	444
tape	444
thread	444
visiting	444
wage	444
we'd	444
wings	444
avenue	443
bags	443
beating	443
believes	443
blocks	443
boring	443
checking	443
clock	443
commissioner	443
commitment	443
confident	443
containing	443
copies	443
crimes	443
custom	443
denied	443
desk	443
drinks	443
ear	443
electricity	443
episodes	443
farmers	443
grounds	443
gym	443
helpful	443
horror	443
iPhone	443
label	443
locked	443
naked	443
opens	443
output	443
persons	443
pitch	443
pizza	443
plain	443
pushed	443
raising	443
rear	443
reveal	443
romantic	443
scores	443
sisters	443
speaks	443
stages	443
strategic	443
swimming	443
welfare	443
winners	443
wire	443
worker	443
afterwards	442
alright	442
Android	442
anger	442
architecture	442
assist	442
attempted	442
behalf	442
belt	442
capture	442
centers	442
ceremony	442
comic	442
cops	442
cuts	442
designer	442
diamond	442
disappointed	442
dressed	442
economics	442
efficient	442
electrical	442
employed	442
enjoying	442
entering	442
essentially	442
establishment	442
expecting	442
explains	442
flower	442
ghost	442
guests	442
handed	442
hockey	442
hunting	442
industries	442
Islam	442
judges	442
kit	442
lab	442
languages	442
maps	442
nervous	442
newly	442
odd	442
ordinary	442
participate	442
prayer	442
principles	442
racist	442
rarely	442
references	442
sexy	442
skill	442
soil	442
solve	442
stomach	442
struck	442
studying	442
suck	442
supports	442
trash	442
ugly	442
virus	442
walker	442
whoever	442
amounts	441
aspect	441
banned	441
boost	441
bureau	441
colonel	441
comfort	441
controls	441
cousin	441
crack	441
deck	441
demands	441
dies	441
dragon	441
dramatic	441
dust	441
engineers	441
evolution	441
foods	441
hired	441
illness	441
inspiration	441
institution	441
kings	441
knife	441
lately	441
lowest	441
memorial	441
Mexican	441
minority	441
mum	441
opinions	441
patterns	441
presents	441
priority	441
promotion	441
rail	441
readers	441
remote	441
repair	441
root	441
saint	441
steal	441
stolen	441
telephone	441
tho	441
titles	441
trans	441
ups	441
whereas	441
abandoned	440
acquired	440
actors	440
alliance	440
annoying	440
bid	440
bro	440
buddy	440
buried	440
butter	440
cares	440
conclusion	440
confirm	440
congratulations	440
contracts	440
convinced	440
crap	440
crystal	440
decent	440
decline	440
delay	440
describes	440
desert	440
downtown	440
elite	440
enemies	440
forgotten	440
forth	440
gods	440
hadn't	440
hire	440
hop	440
hopes	440
insane	440
installed	440
landing	440
layer	440
managing	440
marry	440
nah	440
nowhere	440
nurse	440
obtain	440
organic	440
ownership	440
participants	440
poetry	440
pot	440
pray	440
printed	440
recall	440
rugby	440
sake	440
sheet	440
signing	440
smooth	440
spiritual	440
stops	440
string	440
sudden	440
throwing	440
thrown	440
vacation	440
abroad	439
assigned	439
associate	439
assumed	439
bench	439
bother	439
broadcast	439
bye	439
citizen	439
cleaning	439
compete	439
consists	439
consumers	439
contributed	439
cricket	439
critics	439
damaged	439
disaster	439
discover	439
Disney	439
entrance	439
equally	439
fallen	439
figured	439
fitness	439
friendship	439
handling	439
idiot	439
intense	439
keys	439
lawyers	439
lifetime	439
liquid	439
makeup	439
medal	439
mortgage	439
narrative	439
narrow	439
observed	439
occasionally	439
pan	439
physics	439
posting	439
potentially	439
reduction	439
reflect	439
refuse	439
researchers	439
resource	439
sciences	439
serves	439
shell	439
silly	439
subsequent	439
they'd	439
towns	439
translation	439
visible	439
yep	439
adds	438
amendment	438
angle	438
arrive	438
belong	438
bishop	438
channels	438
commonly	438
connect	438
defensive	438
designs	438
efficiency	438
enterprise	438
experiment	438
females	438
findings	438
firms	438
forum	438
gifts	438
grass	438
hence	438
increasingly	438
incredibly	438
journalist	438
kicked	438
lessons	438
lists	438
maintained	438
mill	438
occasion	438
pace	438
passenger	438
pen	438
pope	438
possession	438
races	438
rapid	438
regulation	438
resident	438
rocks	438
shaped	438
sixth	438
spin	438
styles	438
subjects	438
sucks	438
suitable	438
thirty	438
valid	438
vital	438
whilst	438
agriculture	437
alleged	437
bands	437
Christians	437
collect	437
commerce	437
cop	437
creek	437
currency	437
emotions	437
exhibition	437
fraud	437
funeral	437
genuine	437
honey	437
honour	437
hook	437
hunter	437
immigrants	437
improving	437
instructions	437
introduce	437
lands	437
legacy	437
log	437
merely	437
monitor	437
prisoners	437
programming	437
publishing	437
ratio	437
regret	437
rejected	437
remind	437
resort	437
resulted	437
reverse	437
routine	437
scary	437
seed	437
settle	437
sin	437
spell	437
summary	437
survival	437
sword	437
tongue	437
ward	437
waves	437
achievement	436
argued	436
asleep	436
automatic	436
begun	436
behaviour	436
cents	436
coat	436
comprehensive	436
consent	436
daddy	436
destruction	436
diseases	436
divorce	436
doc	436
drove	436
ears	436
engage	436
extraordinary	436
fate	436
frequency	436
gaming	436
gene	436
glory	436
headquarters	436
heritage	436
initiative	436
interviews	436
juice	436
landscape	436
logic	436
meets	436
Microsoft	436
objective	436
organisation	436
privacy	436
procedures	436
profits	436
reducing	436
regard	436
representing	436
residence	436
roughly	436
salary	436
scoring	436
script	436
searching	436
sections	436
strip	436
surrounded	436
threatened	436
transferred	436
tube	436
universities	436
would've	436
writes	436
ambassador	435
apps	435
awarded	435
banking	435
breast	435
chemistry	435
concluded	435
consumption	435
corruption	435
cotton	435
crossed	435
discount	435
dozen	435
engines	435
epic	435
exception	435
exit	435
expand	435
fancy	435
gorgeous	435
grateful	435
heroes	435
holes	435
impression	435
inches	435
indicate	435
input	435
josh	435
knock	435
leather	435
lips	435
luxury	435
lyrics	435
manufacturers	435
masters	435
movements	435
operated	435
ought	435
outcome	435
painted	435
poll	435
preferred	435
pulling	435
ranked	435
referring	435
removal	435
reporter	435
risks	435
rob	435
screaming	435
sequence	435
stretch	435
tear	435
tennis	435
terrorist	435
theater	435
ties	435
twelve	435
versions	435
virgin	435
voices	435
wishes	435
wolf	435
absence	434
agricultural	434
ate	434
athletes	434
bears	434
blues	434
boxes	434
bull	434
cameras	434
commonwealth	434
contribute	434
contribution	434
contributions	434
couples	434
delicious	434
deny	434
deserves	434
ease	434
extend	434
fame	434
flood	434
generated	434
genetic	434
glasses	434
impressed	434
indicated	434
instant	434
investors	434
involves	434
kills	434
liberty	434
maria	434
ministers	434
monitoring	434
occurs	434
passengers	434
photographs	434
principle	434
producers	434
progressive	434
punishment	434
rally	434
rapidly	434
reader	434
representation	434
restaurants	434
reveals	434
roots	434
samples	434
shops	434
sum	434
swing	434
tail	434
texts	434
twin	434
upcoming	434
veterans	434
alert	433
arena	433
arguments	433
boom	433
boots	433
brave	433
claiming	433
column	433
commit	433
compensation	433
composition	433
computers	433
conservation	433
constitutional	433
crossing	433
defending	433
density	433
difficulty	433
dropping	433
drops	433
elementary	433
ethnic	433
expenses	433
fleet	433
foster	433
fundamental	433
genius	433
greatly	433
guidance	433
hospitals	433
infection	433
Instagram	433
intention	433
jokes	433
knee	433
mechanical	433
parks	433
participation	433
periods	433
precious	433
pregnancy	433
premium	433
preparing	433
pretend	433
priest	433
prominent	433
proven	433
radical	433
remembered	433
requested	433
residential	433
reward	433
rings	433
robin	433
satellite	433
shake	433
shore	433
spots	433
stats	433
struggling	433
substantial	433
teen	433
temperatures	433
transmission	433
trap	433
uniform	433
wildlife	433
wooden	433
ads	432
aggressive	432
answered	432
apparent	432
bang	432
blast	432
bones	432
brands	432
centuries	432
communist	432
complaint	432
component	432
connections	432
courage	432
cure	432
desperate	432
diversity	432
duties	432
encouraged	432
eve	432
faculty	432
feedback	432
fighter	432
frozen	432
guards	432
hiding	432
humanity	432
innovation	432
instruments	432
invest	432
jacket	432
legislative	432
listing	432
manual	432
mothers	432
murdered	432
nursing	432
occupied	432
ongoing	432
operator	432
painful	432
pound	432
preparation	432
punch	432
purple	432
railroad	432
registration	432
releases	432
romance	432
submitted	432
sufficient	432
survived	432
suspended	432
technologies	432
tissue	432
trailer	432
trends	432
trials	432
underground	432
versus	432
virtual	432
walks	432
wounded	432
amongst	431
announcement	431
arranged	431
attending	431
attracted	431
biological	431
bite	431
blocked	431
boards	431
burned	431
categories	431
checks	431
chip	431
concerning	431
dare	431
database	431
define	431
discrimination	431
disorder	431
distributed	431
districts	431
documentary	431
domain	431
dynamic	431
edited	431
engagement	431
explore	431
favour	431
fewer	431
footage	431
giants	431
grave	431
implementation	431
investigate	431
jazz	431
laboratory	431
literary	431
mask	431
midnight	431
mouse	431
packed	431
piano	431
praise	431
presentation	431
psychology	431
relation	431
restrictions	431
rocket	431
ruin	431
sec	431
secrets	431
slave	431
stability	431
steady	431
stones	431
symbol	431
terminal	431
toilet	431
treaty	431
triple	431
unlikely	431
updates	431
viewed	431
affair	430
agenda	430
bat	430
bow	430
calendar	430
cape	430
collective	430
conversations	430
cooperation	430
craft	430
darkness	430
deeper	430
devil	430
edit	430
enable	430
equity	430
estimates	430
failing	430
finishing	430
fortune	430
gates	430
goodbye	430
hardware	430
hurts	430
intellectual	430
invite	430
involvement	430
nuts	430
partly	430
petition	430
phrase	430
physically	430
protecting	430
racial	430
rated	430
regime	430
rivers	430
rounds	430
ruled	430
sauce	430
seal	430
separated	430
shield	430
similarly	430
slide	430
stem	430
summit	430
talented	430
throat	430
tiger	430
touched	430
toy	430
visits	430
warriors	430
wisdom	430
accounting	429
alien	429
attacking	429
awkward	429
beast	429
beef	429
candy	429
carrier	429
celebration	429
celebrity	429
certificate	429
cited	429
clay	429
coaching	429
colleagues	429
constructed	429
dated	429
default	429
derived	429
dialogue	429
disabled	429
distinct	429
drag	429
educated	429
eligible	429
estimate	429
execution	429
existed	429
fifty	429
followers	429
fool	429
framework	429
franchise	429
funded	429
furniture	429
generations	429
guaranteed	429
integrated	429
intelligent	429
interaction	429
jet	429
journalists	429
lifestyle	429
lighting	429
loop	429
mall	429
overseas	429
performances	429
polish	429
recommendations	429
recover	429
regarded	429
relax	429
reliable	429
rely	429
remarkable	429
responses	429
ruling	429
sacrifice	429
sole	429
stopping	429
strategies	429
succeed	429
tables	429
tale	429
targets	429
timing	429
ton	429
volunteers	429
witnesses	429
wore	429
worship	429
worthy	429
acted	428
alarm	428
bass	428
bloody	428
breathing	428
butt	428
characteristics	428
collaboration	428
con	428
consideration	428
counts	428
creates	428
crucial	428
daughters	428
dependent	428
discussions	428
drives	428
dual	428
equipped	428
expanded	428
experimental	428
feeding	428
filter	428
galaxy	428
globe	428
grades	428
gulf	428
highlights	428
hoped	428
intent	428
involve	428
judgment	428
knight	428
lmao	428
logo	428
mature	428
odds	428
peaceful	428
photographer	428
pin	428
prevention	428
printing	428
promoting	428
publicly	428
pump	428
repeated	428
replied	428
requests	428
revenge	428
satisfied	428
seeds	428
signals	428
slip	428
spaces	428
spare	428
specialist	428
stocks	428
stranger	428
submit	428
surprising	428
tap	428
threats	428
tourism	428
volunteer	428
acceptable	427
allies	427
attempting	427
auction	427
bonds	427
challenging	427
chaos	427
churches	427
composed	427
concentration	427
copper	427
corp	427
corps	427
counting	427
credits	427
dawn	427
dispute	427
earnings	427
editing	427
executed	427
firing	427
fits	427
frequent	427
gardens	427
gathered	427
hilarious	427
huh	427
ignored	427
improvements	427
investments	427
margin	427
mars	427
mechanism	427
moderate	427
opera	427
overcome	427
parallel	427
passage	427
pit	427
psychological	427
publications	427
quest	427
radiation	427
shocked	427
sized	427
stroke	427
stunning	427
tanks	427
topics	427
trains	427
traveling	427
treating	427
tune	427
utility	427
vessel	427
weed	427
wherever	427
acquisition	426
addressed	426
angels	426
anime	426
announce	426
autumn	426
backed	426
bold	426
borders	426
breathe	426
choosing	426
classical	426
classified	426
clip	426
coaches	426
coins	426
concepts	426
conspiracy	426
controversy	426
convince	426
disappeared	426
encounter	426
equality	426
exam	426
examination	426
fails	426
federation	426
fiscal	426
guardian	426
homeless	426
instrument	426
intervention	426
lover	426
mainstream	426
menu	426
mounted	426
mutual	426
nope	426
occasions	426
offense	426
oral	426
panic	426
pays	426
peoples	426
pursue	426
realise	426
refugees	426
removing	426
requirement	426
responded	426
rip	426
ruined	426
scope	426
segment	426
spectrum	426
stays	426
terror	426
uh	426
venture	426
virtually	426
waited	426
worn	426
yea	426
accompanied	425
adams	425
aids	425
aimed	425
alpha	425
approaches	425
arguing	425
arrangement	425
beliefs	425
boats	425
boundaries	425
brick	425
colleges	425
considerable	425
conventional	425
designated	425
emperor	425
employers	425
enormous	425
errors	425
focusing	425
forgive	425
gains	425
garage	425
gathering	425
guidelines	425
handled	425
hosted	425
indians	425
inquiry	425
inspector	425
jumped	425
lion	425
loaded	425
lonely	425
maintaining	425
measured	425
mercy	425
nevertheless	425
newspapers	425
outer	425
oxygen	425
pipe	425
pissed	425
poem	425
powder	425
powered	425
promises	425
quotes	425
racism	425
ratings	425
reads	425
recovered	425
refers	425
rude	425
screw	425
seventh	425
shelter	425
signature	425
sooner	425
spider	425
strikes	425
suggesting	425
suits	425
toys	425
tracking	425
tribute	425
trigger	425
vary	425
venue	425
wages	425
wells	425
wheels	425
abortion	424
accuracy	424
applying	424
artificial	424
belongs	424
beneath	424
bitcoin	424
bullet	424
burns	424
celebrated	424
consistently	424
conversion	424
copyright	424
counties	424
democrat	424
deposit	424
destination	424
dirt	424
diverse	424
divine	424
emails	424
exclusively	424
export	424
fastest	424
formerly	424
functional	424
gather	424
grandfather	424
habit	424
indicates	424
isolated	424
jealous	424
knocked	424
landed	424
laughed	424
lazy	424
mama	424
modified	424
municipal	424
naval	424
neighbors	424
neutral	424
noble	424
oldest	424
pat	424
picks	424
popularity	424
professionals	424
reactions	424
relate	424
robot	424
sacred	424
securities	424
shoe	424
speakers	424
springs	424
spy	424
suggestions	424
supplied	424
suspension	424
terrorism	424
toxic	424
treasury	424
tunnel	424
unions	424
upgrade	424
warrant	424
wider	424
wound	424
actively	423
applies	423
arrangements	423
asset	423
assuming	423
backing	423
baker	423
blessed	423
brush	423
burden	423
carries	423
casual	423
certified	423
charter	423
chef	423
civilian	423
coalition	423
complain	423
complaints	423
controversial	423
describing	423
differently	423
directions	423
discipline	423
discussing	423
disgusting	423
dominant	423
earning	423
essay	423
expense	423
explaining	423
furthermore	423
graphic	423
healing	423
hiring	423
hosts	423
implemented	423
instantly	423
invasion	423
jumping	423
laptop	423
legendary	423
maker	423
opponents	423
outdoor	423
palm	423
photograph	423
pole	423
pub	423
quarters	423
rangers	423
ranks	423
reception	423
recipe	423
regulatory	423
reviewed	423
rolls	423
rubber	423
secured	423
serial	423
settings	423
shed	423
snake	423
sponsored	423
stealing	423
strict	423
subsequently	423
substance	423
suggestion	423
syndrome	423
tasks	423
trips	423
ultra	423
unexpected	423
usage	423
worlds	423
accidentally	422
affordable	422
amateur	422
appeals	422
batman	422
bearing	422
beats	422
bin	422
biology	422
briefly	422
canal	422
cancelled	422
cheaper	422
climb	422
competing	422
completion	422
cruise	422
custody	422
delete	422
demonstrated	422
departure	422
developers	422
developments	422
dig	422
eagles	422
employer	422
explosion	422
fever	422
fluid	422
folk	422
generate	422
handsome	422
holidays	422
hotels	422
imagination	422
integration	422
integrity	422
interpretation	422
leaf	422
legitimate	422
lightning	422
loads	422
longest	422
magical	422
mills	422
motivation	422
nasty	422
outfit	422
pension	422
permit	422
plates	422
pleasant	422
portrait	422
productive	422
reminds	422
reserves	422
safely	422
shirts	422
shorter	422
slight	422
socialist	422
streaming	422
sue	422
targeted	422
tension	422
theories	422
touching	422
transactions	422
twist	422
ugh	422
unemployment	422
unity	422
useless	422
viewers	422
winds	422
woke	422
abilities	421
advocate	421
aims	421
arc	421
backup	421
beaten	421
bitter	421
blown	421
branches	421
campaigns	421
chips	421
clever	421
clinic	421
closest	421
collections	421
continuous	421
converted	421
correctly	421
creator	421
creatures	421
criteria	421
declined	421
detective	421
difficulties	421
disability	421
dish	421
duck	421
evaluation	421
excess	421
farming	421
fence	421
fighters	421
flights	421
forcing	421
forming	421
gradually	421
gravity	421
habits	421
highlight	421
holder	421
hood	421
hung	421
identical	421
imperial	421
investigations	421
legally	421
lied	421
listened	421
males	421
manufacturer	421
meters	421
nail	421
negotiations	421
nonsense	421
operational	421
owns	421
phoenix	421
playoffs	421
poet	421
quoted	421
relating	421
repeatedly	421
rolled	421
scientist	421
sink	421
skip	421
slavery	421
snap	421
sorts	421
souls	421
stole	421
swim	421
transaction	421
transformation	421
veteran	421
vulnerable	421
wealthy	421
additionally	420
attract	420
beta	420
blowing	420
bored	420
bronze	420
bug	420
caring	420
catching	420
cave	420
cheating	420
chronic	420
cleared	420
communicate	420
convicted	420
cultures	420
dealt	420
delayed	420
demonstrate	420
departments	420
depend	420
developer	420
diagnosis	420
dismissed	420
distinguished	420
dose	420
eighth	420
experiments	420
flesh	420
flip	420
forty	420
generous	420
Germans	420
hated	420
implement	420
incorporated	420
influenced	420
kidding	420
laser	420
loyal	420
marijuana	420
mentally	420
missions	420
occupation	420
opponent	420
paintings	420
patch	420
patience	420
pic	420
pointing	420
pollution	420
precisely	420
prisoner	420
privilege	420
proposals	420
protests	420
punk	420
radar	420
regards	420
relatives	420
resist	420
solely	420
stepped	420
striking	420
terrorists	420
tourist	420
transit	420
trucks	420
trusted	420
vessels	420
villa	420
volumes	420
websites	420
wireless	420
wondered	420
wrap	420
yoga	420
adopt	419
airlines	419
albums	419
anytime	419
bacteria	419
beings	419
beside	419
blade	419
boot	419
bottles	419
bucks	419
bulk	419
camps	419
cargo	419
census	419
Christianity	419
coastal	419
coin	419
colored	419
commentary	419
confusion	419
congressional	419
corn	419
cried	419
customs	419
dealer	419
deemed	419
destiny	419
distant	419
electronics	419
emerging	419
emotion	419
emphasis	419
ethics	419
excitement	419
exploration	419
fights	419
filling	419
filming	419
graphics	419
humor	419
insight	419
invested	419
it'd	419
lit	419
meals	419
nerve	419
Netflix	419
nightmare	419
operators	419
overnight	419
partially	419
participating	419
pie	419
platforms	419
populations	419
poster	419
practically	419
preserve	419
produces	419
qualify	419
raid	419
ram	419
ranging	419
ranking	419
receives	419
respective	419
restricted	419
routes	419
sandy	419
scenario	419
sheep	419
situated	419
slaves	419
Sony	419
spotted	419
spreading	419
sustainable	419
sustained	419
taxi	419
themes	419
threatening	419
tobacco	419
trace	419
trapped	419
turner	419
uncomfortable	419
wasted	419
weakness	419
widespread	419
Xbox	419
accepting	418
accessible	418
acknowledge	418
advised	418
advisory	418
animation	418
assignment	418
balanced	418
bare	418
basement	418
bases	418
battles	418
bias	418
bits	418
cancel	418
carpet	418
ceiling	418
cherry	418
chill	418
classification	418
clue	418
codes	418
collapse	418
collecting	418
compound	418
conscious	418
consecutive	418
contents	418
costume	418
deleted	418
devoted	418
displayed	418
dominated	418
endless	418
escaped	418
examine	418
floating	418
garbage	418
gospel	418
grain	418
grid	418
grows	418
heating	418
identification	418
knees	418
lap	418
lions	418
liver	418
metro	418
metropolitan	418
mines	418
mixture	418
nominated	418
oak	418
parliamentary	418
patent	418
perception	418
physician	418
proceed	418
proceedings	418
pupils	418
reserved	418
restore	418
rifle	418
rival	418
runner	418
sadly	418
she'd	418
she'll	418
shoulders	418
significance	418
sits	418
sizes	418
slept	418
soap	418
spray	418
stored	418
stressed	418
structural	418
suite	418
tbh	418
tropical	418
unnecessary	418
verse	418
victor	418
vintage	418
warned	418
acres	417
adapted	417
adoption	417
anonymous	417
approaching	417
artistic	417
attendance	417
aviation	417
barrel	417
beds	417
beloved	417
bless	417
boxing	417
celebrating	417
charging	417
chemicals	417
cinema	417
colonial	417
comics	417
compliance	417
contrary	417
controlling	417
corporations	417
couch	417
crush	417
dam	417
decrease	417
defeated	417
diabetes	417
dressing	417
expanding	417
fears	417
fires	417
genre	417
gentle	417
grammar	417
idk	417
illustrated	417
invented	417
jam	417
layers	417
lease	417
lens	417
licensed	417
loyalty	417
madison	417
magnetic	417
metres	417
monsters	417
mysterious	417
notion	417
partial	417
placing	417
propaganda	417
rat	417
reflection	417
reminded	417
resolve	417
revolutionary	417
scandal	417
shine	417
simultaneously	417
substitute	417
surveillance	417
tactics	417
testimony	417
treasure	417
trophy	417
tweet	417
underlying	417
unfair	417
villages	417
acceptance	416
accidents	416
affects	416
annually	416
apologize	416
appreciated	416
approached	416
arriving	416
ash	416
aunt	416
bubble	416
buyers	416
casino	416
charts	416
clouds	416
connecting	416
counsel	416
creature	416
deadly	416
decides	416
desired	416
determination	416
embrace	416
emerged	416
exhibit	416
flew	416
gentleman	416
Halloween	416
hammer	416
hosting	416
icon	416
imposed	416
indigenous	416
infinite	416
installation	416
inter	416
interactions	416
introducing	416
kicking	416
laying	416
legislature	416
liability	416
makers	416
marathon	416
marvel	416
moreover	416
organisations	416
ours	416
parade	416
paradise	416
perceived	416
pics	416
planes	416
politician	416
preliminary	416
premiere	416
presidency	416
reaches	416
react	416
realistic	416
remarks	416
retain	416
roberts	416
rocky	416
Russians	416
saints	416
satisfaction	416
scratch	416
shade	416
sheets	416
sheriff	416
shy	416
sometime	416
spirits	416
sporting	416
strictly	416
sunshine	416
teens	416
thou	416
tier	416
travelling	416
vocal	416
warrior	416
worries	416
yield	416
accomplished	415
admission	415
adventures	415
aka	415
appearing	415
bacon	415
barrier	415
believing	415
blacks	415
bombs	415
burst	415
caps	415
casting	415
cattle	415
classroom	415
colours	415
compromise	415
convenient	415
costa	415
criminals	415
crop	415
earthquake	415
elderly	415
eliminate	415
embarrassing	415
farmer	415
finest	415
grants	415
harbor	415
hates	415
incidents	415
inform	415
ion	415
lesbian	415
lovers	415
mathematics	415
medication	415
minded	415
par	415
podcast	415
portfolio	415
productivity	415
promoted	415
protocol	415
quietly	415
replacing	415
responsibilities	415
salad	415
scholarship	415
screening	415
sends	415
smiling	415
soup	415
southeast	415
stake	415
stating	415
strain	415
suspected	415
swift	415
tackle	415
tigers	415
timeline	415
torture	415
traded	415
translated	415
tricks	415
twins	415
urgent	415
vegetables	415
vertical	415
violation	415
wallet	415
workshop	415
wrapped	415
aboard	414
abstract	414
accent	414
addiction	414
associates	414
awake	414
beam	414
beans	414
binding	414
blank	414
buffalo	414
commons	414
conservatives	414
contacts	414
conviction	414
corrupt	414
cow	414
curve	414
depressed	414
deserved	414
dining	414
disorders	414
duration	414
encouraging	414
farms	414
fifteen	414
flows	414
genes	414
graduated	414
grandmother	414
harsh	414
heights	414
horn	414
hurry	414
immune	414
inflation	414
ingredients	414
inspection	414
install	414
instruction	414
intensity	414
inventory	414
investigated	414
invitation	414
judicial	414
justify	414
lakes	414
lean	414
lecture	414
libraries	414
logical	414
mason	414
meaningful	414
migration	414
missile	414
motivated	414
muscles	414
northwest	414
nurses	414
organ	414
patrol	414
pearl	414
peer	414
pepper	414
pig	414
pile	414
plug	414
provision	414
releasing	414
requiring	414
revised	414
rod	414
scream	414
stairs	414
staring	414
statistical	414
sticks	414
strangers	414
succeeded	414
sweat	414
switched	414
tattoo	414
teenage	414
thunder	414
tours	414
tragedy	414
trauma	414
wrestling	414
zoo	414
accordance	413
acquire	413
activist	413
activists	413
addresses	413
alike	413
applicable	413
arrow	413
availability	413
aw	413
bend	413
boundary	413
breach	413
cabin	413
cage	413
chancellor	413
cheers	413
circles	413
closet	413
combine	413
companion	413
comparing	413
consciousness	413
consultant	413
controller	413
corresponding	413
courtesy	413
damages	413
demanding	413
disc	413
dishes	413
dozens	413
eagle	413
eaten	413
embassy	413
engaging	413
fascinating	413
financing	413
fitted	413
flexible	413
gaining	413
gentlemen	413
goodness	413
guilt	413
haven	413
helicopter	413
homework	413
households	413
iconic	413
infected	413
keen	413
lesser	413
liberals	413
lip	413
mandatory	413
manufactured	413
mechanics	413
mere	413
miracle	413
mud	413
murphy	413
observation	413
operates	413
owe	413
permitted	413
phenomenon	413
playoff	413
precise	413
profession	413
prospect	413
protective	413
providers	413
publisher	413
reportedly	413
retreat	413
rookie	413
sandwich	413
seeks	413
sentences	413
separation	413
sexually	413
ski	413
skilled	413
sterling	413
surgeon	413
theft	413
um	413
understands	413
valve	413
visa	413
washing	413
adjacent	412
agreements	412
appreciation	412
athletic	412
authorized	412
banner	412
blew	412
blocking	412
charm	412
chasing	412
climbing	412
colony	412
complaining	412
cookies	412
cruel	412
curriculum	412
deadline	412
deer	412
delta	412
demanded	412
dive	412
divide	412
Easter	412
electoral	412
eleven	412
entity	412
excessive	412
exercises	412
feminist	412
governing	412
ham	412
heal	412
interface	412
jewelry	412
journalism	412
jungle	412
linear	412
occasional	412
oriented	412
pilots	412
prayers	412
predicted	412
pressed	412
preventing	412
prof	412
provisions	412
pursuit	412
rap	412
reflected	412
reminder	412
restored	412
resume	412
rev	412
ridge	412
Samsung	412
scholars	412
sealed	412
sounded	412
streams	412
strongest	412
tends	412
tribe	412
unfortunate	412
variable	412
worrying	412
zones	412
ace	411
adjusted	411
alternate	411
arrives	411
artwork	411
athlete	411
attraction	411
babe	411
bankruptcy	411
canon	411
capabilities	411
cared	411
chains	411
closure	411
cognitive	411
competitors	411
convert	411
cooked	411
cups	411
deciding	411
defender	411
dental	411
diplomatic	411
divisions	411
drum	411
editorial	411
enabled	411
entertaining	411
establishing	411
eternal	411
freeze	411
generic	411
grandma	411
grip	411
handful	411
happily	411
harmony	411
hmm	411
humble	411
hurting	411
hybrid	411
intentions	411
investing	411
keyboard	411
lasting	411
locally	411
loses	411
mild	411
minimal	411
mixing	411
molecular	411
nearest	411
neighbor	411
noon	411
nowadays	411
openly	411
overview	411
pairs	411
palestinian	411
parish	411
pathetic	411
poems	411
possibilities	411
potato	411
potter	411
preference	411
promising	411
proportion	411
purchases	411
rage	411
reflects	411
respected	411
restoration	411
selfish	411
sergeant	411
silk	411
stamp	411
throne	411
thy	411
urge	411
voter	411
warner	411
wasting	411
witch	411
advantages	410
ally	410
archives	410
array	410
assisted	410
backs	410
belly	410
booth	410
breakdown	410
bridges	410
brutal	410
calculated	410
cam	410
centres	410
chapters	410
citizenship	410
civilians	410
cliff	410
conflicts	410
consensus	410
cycling	410
declaration	410
derby	410
distinction	410
donations	410
dragons	410
draws	410
examined	410
facial	410
faithful	410
fatal	410
fig	410
fitting	410
genuinely	410
hardest	410
honored	410
hunger	410
hurricane	410
implications	410
import	410
innovative	410
iPad	410
jurisdiction	410
laughter	410
lemon	410
lifted	410
loading	410
lung	410
matching	410
mighty	410
monetary	410
novels	410
nutrition	410
ore	410
outcomes	410
outta	410
pine	410
polls	410
poorly	410
pose	410
pour	410
proteins	410
provider	410
publish	410
purely	410
rental	410
resolved	410
rewards	410
sang	410
seemingly	410
senators	410
severely	410
shark	410
shocking	410
southwest	410
studios	410
survivors	410
tales	410
technically	410
titled	410
traditions	410
unlimited	410
washed	410
watches	410
advise	409
anxious	409
appearances	409
bee	409
bombing	409
cafe	409
challenged	409
cigarettes	409
consisting	409
cult	409
dairy	409
darling	409
delighted	409
delivering	409
destroying	409
diary	409
disagree	409
disappear	409
drill	409
earliest	409
edges	409
entries	409
euro	409
evolved	409
exports	409
fixing	409
flags	409
flies	409
forecast	409
governance	409
heated	409
hug	409
importantly	409
indicating	409
indoor	409
influential	409
intend	409
invisible	409
jeans	409
jets	409
lasted	409
lawsuit	409
leak	409
lighter	409
mentions	409
meter	409
mice	409
musicians	409
olive	409
passionate	409
potatoes	409
prevented	409
receiver	409
recommendation	409
riot	409
roster	409
safer	409
sells	409
sentenced	409
servant	409
setup	409
should've	409
skull	409
slot	409
smash	409
statue	409
surprisingly	409
surrender	409
suspicious	409
teenager	409
tender	409
thoroughly	409
treatments	409
tweeted	409
vacuum	409
variations	409
where's	409
acknowledged	408
advances	408
agrees	408
allegations	408
anticipated	408
approve	408
architect	408
basin	408
beneficial	408
bleeding	408
breed	408
breeding	408
bride	408
broadway	408
bros	408
bud	408
butler	408
careers	408
cartoon	408
celebrities	408
chick	408
coke	408
comparable	408
confirmation	408
console	408
contractor	408
contributing	408
diameter	408
dubai	408
dump	408
duo	408
dynamics	408
elephant	408
enhanced	408
essays	408
exhausted	408
fabric	408
fabulous	408
fairy	408
fathers	408
focuses	408
fold	408
freak	408
frustrated	408
gambling	408
gently	408
glorious	408
grief	408
historically	408
hub	408
inevitable	408
investigating	408
labels	408
lacking	408
laughs	408
layout	408
lined	408
lodge	408
lords	408
merchant	408
merit	408
micro	408
myth	408
Nintendo	408
objectives	408
obsessed	408
organised	408
overwhelming	408
pale	408
particles	408
pastor	408
penalties	408
permanently	408
pets	408
pockets	408
poison	408
predict	408
presenting	408
presidents	408
pressing	408
prints	408
provincial	408
realised	408
rebel	408
repairs	408
rotation	408
separately	408
shaking	408
shaw	408
societies	408
solved	408
starring	408
struggles	408
subtle	408
tastes	408
throws	408
toll	408
tooth	408
torn	408
tragic	408
trainer	408
transformed	408
unbelievable	408
underneath	408
variation	408
viewing	408
viral	408
warehouse	408
wears	408
widow	408
wives	408
adjust	407
administrator	407
affecting	407
allied	407
altogether	407
animated	407
answering	407
assess	407
assumption	407
assured	407
avoided	407
avoiding	407
basket	407
beard	407
bio	407
blanket	407
brains	407
bucket	407
burger	407
capability	407
charming	407
chiefs	407
commented	407
computing	407
concentrate	407
conducting	407
consequence	407
continent	407
cookie	407
cruz	407
curse	407
displays	407
drain	407
emissions	407
ethical	407
excellence	407
flame	407
forests	407
freely	407
fruits	407
grabbed	407
graduation	407
hint	407
horizon	407
hostile	407
imagined	407
inhabitants	407
ink	407
inn	407
intel	407
kicks	407
legends	407
lucy	407
magazines	407
matrix	407
measuring	407
miserable	407
momentum	407
monkey	407
motorcycle	407
nationwide	407
nest	407
nicely	407
ninth	407
nomination	407
notable	407
obligation	407
optical	407
outlook	407
penny	407
petty	407
ports	407
preserved	407
programmes	407
prospects	407
publishers	407
quantity	407
quantum	407
rainbow	407
rebels	407
recognised	407
reed	407
reign	407
responding	407
retained	407
rises	407
saves	407
scan	407
scare	407
sectors	407
shorts	407
span	407
specialized	407
submission	407
sunny	407
supporter	407
testament	407
toe	407
tops	407
tremendous	407
valued	407
wounds	407
accommodation	406
achievements	406
addressing	406
adorable	406
allegedly	406
ambulance	406
ashamed	406
assure	406
ballot	406
batteries	406
blessing	406
btw	406
cemetery	406
chambers	406
cheat	406
cheer	406
cigarette	406
compact	406
completing	406
consulting	406
cooling	406
corners	406
could've	406
deficit	406
demo	406
demon	406
demonstration	406
detected	406
detection	406
doll	406
donated	406
elaborate	406
elder	406
encountered	406
expertise	406
exploring	406
fiber	406
filmed	406
fried	406
grocery	406
guided	406
guinea	406
halfway	406
happier	406
heels	406
hull	406
independently	406
indication	406
insisted	406
instances	406
intensive	406
interactive	406
intimate	406
laundry	406
lifting	406
martial	406
northeast	406
observe	406
packing	406
panels	406
password	406
Pokemon	406
politically	406
presumably	406
pretending	406
priorities	406
pronounced	406
prosecution	406
proves	406
pulse	406
purchasing	406
qualities	406
queens	406
rational	406
realm	406
reforms	406
revenues	406
rides	406
ripped	406
rope	406
shadows	406
shout	406
smartphone	406
specified	406
spectacular	406
streak	406
subscription	406
switching	406
technological	406
temporarily	406
tolerance	406
tourists	406
traditionally	406
traveled	406
treats	406
unhappy	406
whites	406
yup	406
accomplish	405
adequate	405
alter	405
apology	405
attributed	405
beg	405
belonging	405
booked	405
bout	405
bowling	405
brass	405
buzz	405
clarke	405
comeback	405
cos	405
crops	405
declare	405
designers	405
detect	405
diagnosed	405
diesel	405
dimensions	405
dip	405
disturbing	405
dot	405
dresses	405
effectiveness	405
eliminated	405
embarrassed	405
exceptional	405
filing	405
fled	405
foul	405
frankly	405
freezing	405
graph	405
hack	405
hatred	405
ignorant	405
influences	405
interact	405
judging	405
knights	405
lamp	405
limitations	405
majesty	405
measurement	405
measurements	405
median	405
medieval	405
mobility	405
murders	405
omg	405
orientation	405
oven	405
passport	405
pills	405
planets	405
proceeds	405
rabbit	405
raises	405
ranges	405
rats	405
retire	405
rhythm	405
savage	405
servers	405
shook	405
shooter	405
siblings	405
slim	405
someday	405
sophisticated	405
spam	405
speeds	405
stack	405
stance	405
static	405
subway	405
supportive	405
surgical	405
symbols	405
tablet	405
tent	405
thesis	405
tide	405
